"isbn","publisher_id"
9780552149518,"4ef3e02f-4b56-4790-bd24-2efb96ddb9d6"
9780747532743,"a1093166-21f3-4095-abc3-bb976d6f63d5"
9780747538486,"a1093166-21f3-4095-abc3-bb976d6f63d5"
9780552150736,"4ef3e02f-4b56-4790-bd24-2efb96ddb9d6"
9780747551003,"a1093166-21f3-4095-abc3-bb976d6f63d5"
9780747581086,"a1093166-21f3-4095-abc3-bb976d6f63d5"
9780747591054,"a1093166-21f3-4095-abc3-bb976d6f63d5"
9780747546290,"a1093166-21f3-4095-abc3-bb976d6f63d5"
9781904233657,"8d7e752b-09a8-4fd6-90e6-4f61703f227e"
9780747550990,"a1093166-21f3-4095-abc3-bb976d6f63d5"
9780552151764,"4ef3e02f-4b56-4790-bd24-2efb96ddb9d6"
9781904233886,"8d7e752b-09a8-4fd6-90e6-4f61703f227e"
9780330457729,"bece1d13-d040-4df9-8575-6de53e39461b"
9780552151696,"4ef3e02f-4b56-4790-bd24-2efb96ddb9d6"
9780099450252,"404fb9c8-392d-4ba4-8549-93eb4ba73ca7"
9781904233916,"8d7e752b-09a8-4fd6-90e6-4f61703f227e"
9781847245458,"8dfd8d00-6e94-47b8-ab8e-e3cfe4603390"
9780747566533,"a1093166-21f3-4095-abc3-bb976d6f63d5"
9780099464464,"404fb9c8-392d-4ba4-8549-93eb4ba73ca7"
9780141017891,"79f88485-392d-4318-bb22-ef7fbb9a0320"
9780099429791,"404fb9c8-392d-4ba4-8549-93eb4ba73ca7"
9780593054277,"4ef3e02f-4b56-4790-bd24-2efb96ddb9d6"
9780552997041,"4ef3e02f-4b56-4790-bd24-2efb96ddb9d6"
9781905654284,"8d7e752b-09a8-4fd6-90e6-4f61703f227e"
9780747546245,"a1093166-21f3-4095-abc3-bb976d6f63d5"
9780747591061,"a1093166-21f3-4095-abc3-bb976d6f63d5"
9781849163422,"8dfd8d00-6e94-47b8-ab8e-e3cfe4603390"
9780752837505,"aeb9b132-8c7d-4112-b45b-483b8e26f05a"
9780349116754,"8d7e752b-09a8-4fd6-90e6-4f61703f227e"
9780718147655,"79f88485-392d-4318-bb22-ef7fbb9a0320"
9780006512134,"2fa7de44-99bf-4d52-b195-f1758ade1f0c"
9780099387916,"404fb9c8-392d-4ba4-8549-93eb4ba73ca7"
9780752877327,"aeb9b132-8c7d-4112-b45b-483b8e26f05a"
9780755309511,"97e3e4e4-1791-4fb6-9742-be6c13f3273d"
9781841953922,"8f60464a-ff3c-414c-bb7f-98e88128d5db"
9780091889487,"404fb9c8-392d-4ba4-8549-93eb4ba73ca7"
9780747599876,"a1093166-21f3-4095-abc3-bb976d6f63d5"
9780749397548,"404fb9c8-392d-4ba4-8549-93eb4ba73ca7"
9780563384304,"404fb9c8-392d-4ba4-8549-93eb4ba73ca7"
9780330507417,"bece1d13-d040-4df9-8575-6de53e39461b"
9781861976123,"8279a08b-de7c-41bc-8e2b-482714de2f3a"
9780590660549,"9fd50248-9b9f-4fd9-be42-2f554c61fa5b"
9780755331420,"97e3e4e4-1791-4fb6-9742-be6c13f3273d"
9781849162746,"8dfd8d00-6e94-47b8-ab8e-e3cfe4603390"
9780330367356,"bece1d13-d040-4df9-8575-6de53e39461b"
9780141020525,"79f88485-392d-4318-bb22-ef7fbb9a0320"
9780722532935,"2fa7de44-99bf-4d52-b195-f1758ade1f0c"
9780552996006,"4ef3e02f-4b56-4790-bd24-2efb96ddb9d6"
9780099487821,"4ef3e02f-4b56-4790-bd24-2efb96ddb9d6"
9780141011905,"79f88485-392d-4318-bb22-ef7fbb9a0320"
9780718154776,"79f88485-392d-4318-bb22-ef7fbb9a0320"
9780099457169,"404fb9c8-392d-4ba4-8549-93eb4ba73ca7"
9780330332774,"bece1d13-d040-4df9-8575-6de53e39461b"
9780241003008,"79f88485-392d-4318-bb22-ef7fbb9a0320"
9780747582977,"a1093166-21f3-4095-abc3-bb976d6f63d5"
9781846051616,"404fb9c8-392d-4ba4-8549-93eb4ba73ca7"
9780718147709,"79f88485-392d-4318-bb22-ef7fbb9a0320"
9780755307500,"97e3e4e4-1791-4fb6-9742-be6c13f3273d"
9780141030142,"79f88485-392d-4318-bb22-ef7fbb9a0320"
9780007110926,"2fa7de44-99bf-4d52-b195-f1758ade1f0c"
9780330448444,"bece1d13-d040-4df9-8575-6de53e39461b"
9780747561071,"a1093166-21f3-4095-abc3-bb976d6f63d5"
9780701181840,"404fb9c8-392d-4ba4-8549-93eb4ba73ca7"
9780099771517,"404fb9c8-392d-4ba4-8549-93eb4ba73ca7"
9780563384311,"404fb9c8-392d-4ba4-8549-93eb4ba73ca7"
9780590112895,"9fd50248-9b9f-4fd9-be42-2f554c61fa5b"
9780718148621,"79f88485-392d-4318-bb22-ef7fbb9a0320"
9781904994367,"0df2fe52-5e04-49ed-8389-c4dcc1898f8f"
9781861978769,"8279a08b-de7c-41bc-8e2b-482714de2f3a"
9780718152437,"79f88485-392d-4318-bb22-ef7fbb9a0320"
9780140276336,"79f88485-392d-4318-bb22-ef7fbb9a0320"
9780007156108,"2fa7de44-99bf-4d52-b195-f1758ade1f0c"
9780593059258,"4ef3e02f-4b56-4790-bd24-2efb96ddb9d6"
9780752893686,"aeb9b132-8c7d-4112-b45b-483b8e26f05a"
9780007207329,"2fa7de44-99bf-4d52-b195-f1758ade1f0c"
9780552998482,"4ef3e02f-4b56-4790-bd24-2efb96ddb9d6"
9780718144395,"79f88485-392d-4318-bb22-ef7fbb9a0320"
9780006498407,"2fa7de44-99bf-4d52-b195-f1758ade1f0c"
9780747563204,"a1093166-21f3-4095-abc3-bb976d6f63d5"
9781847670946,"8f60464a-ff3c-414c-bb7f-98e88128d5db"
9780007232741,"2fa7de44-99bf-4d52-b195-f1758ade1f0c"
9780099419785,"404fb9c8-392d-4ba4-8549-93eb4ba73ca7"
9780747581109,"a1093166-21f3-4095-abc3-bb976d6f63d5"
9780099406136,"404fb9c8-392d-4ba4-8549-93eb4ba73ca7"
9780552149525,"4ef3e02f-4b56-4790-bd24-2efb96ddb9d6"
9780140237504,"79f88485-392d-4318-bb22-ef7fbb9a0320"
9780593050545,"4ef3e02f-4b56-4790-bd24-2efb96ddb9d6"
9780718144845,"79f88485-392d-4318-bb22-ef7fbb9a0320"
9780552771153,"4ef3e02f-4b56-4790-bd24-2efb96ddb9d6"
9780141019376,"79f88485-392d-4318-bb22-ef7fbb9a0320"
9780552772747,"4ef3e02f-4b56-4790-bd24-2efb96ddb9d6"
9780552773898,"4ef3e02f-4b56-4790-bd24-2efb96ddb9d6"
9780141022925,"79f88485-392d-4318-bb22-ef7fbb9a0320"
9780316731317,"8d7e752b-09a8-4fd6-90e6-4f61703f227e"
9781904994497,"0df2fe52-5e04-49ed-8389-c4dcc1898f8f"
9780439993586,"9fd50248-9b9f-4fd9-be42-2f554c61fa5b"
9780552771108,"4ef3e02f-4b56-4790-bd24-2efb96ddb9d6"
9780552997034,"4ef3e02f-4b56-4790-bd24-2efb96ddb9d6"
9780099506928,"404fb9c8-392d-4ba4-8549-93eb4ba73ca7"
9781846053443,"404fb9c8-392d-4ba4-8549-93eb4ba73ca7"
